decision,term,id,full_term,type,scope,definition,plain,source,source_url,org_ref,note,revised_definition,revised_plain
y,Active travel,active-travel,Active travel,substantive,tvat,"Making everyday journeys, or parts of journeys, by physically active means — chiefly walking, wheeling and cycling — rather than by motor vehicle.","Getting about by walking, wheeling or cycling instead of going by car.","Department for Transport — The second Cycling and Walking Investment Strategy (CWIS2), 2022",https://www.gov.uk/government/publications/the-second-cycling-and-walking-investment-strategy,,,,
hold,Wheeling,wheeling,Wheeling,substantive,tvat|bw,"Travelling at around walking pace using a wheelchair, mobility scooter, rollator or other wheeled mobility aid; used alongside 'walking' so that active-travel policy includes people who do not walk.","Getting about using a wheelchair, mobility scooter or other wheeled aid, at about walking speed.",Term used in UK active-travel policy (Sustrans; Wheels for Wellbeing; DfT CWIS2),https://www.gov.uk/government/publications/the-second-cycling-and-walking-investment-strategy,,Confirm preferred source wording; the term is widely used but has no single statutory definition.,,
y,Active Travel England,active-travel-england,Active Travel England,organisation,tvat,"The executive agency of the Department for Transport that sets standards for, funds and inspects walking, wheeling and cycling schemes in England.","The government body that pays for and checks walking, wheeling and cycling schemes in England.",GOV.UK — Active Travel England,https://www.gov.uk/government/organisations/active-travel-england,,,,
y,Cycling and Walking Investment Strategy,cwis,Cycling and Walking Investment Strategy,statutory,tvat,"The Government's statutory strategy for cycling and walking in England, setting objectives and the funding available to meet them; required by section 21 of the Infrastructure Act 2015.","The government's long-term plan for more walking and cycling in England, and the money to pay for it.","Infrastructure Act 2015, s.21",https://www.legislation.gov.uk/ukpga/2015/7/section/21,,,,
y,Local Cycling and Walking Infrastructure Plan,lcwip,Local Cycling and Walking Infrastructure Plan,method,tvat,"A local authority's long-term plan identifying the cycling and walking routes and improvements needed in its area, prepared using Department for Transport technical guidance.",A council's plan for which walking and cycling routes to build or improve over the next few years.,Department for Transport — Local Cycling and Walking Infrastructure Plans: technical guidance and tools,https://www.gov.uk/government/publications/local-cycling-and-walking-infrastructure-plans-technical-guidance-and-tools,,,,
y,LTN 1/20,ltn-1-20,Local Transport Note 1/20: Cycle Infrastructure Design,method,tvat,"The Department for Transport's national design guidance for cycle infrastructure in England, setting standards for cycle routes, junctions and cycle parking.","The national guide to designing safe cycle lanes, junctions and bike parking.","Department for Transport — Cycle infrastructure design (LTN 1/20), 2020",https://www.gov.uk/government/publications/cycle-infrastructure-design-ltn-120,,,,
y,National Cycle Network,national-cycle-network,National Cycle Network,substantive,tvat,"The UK-wide network of signed routes for walking, wheeling and cycling, cared for by Sustrans.","A network of signed routes across the UK for walking, wheeling and cycling.",Sustrans — the National Cycle Network,https://www.sustrans.org.uk/national-cycle-network,,,,
y,Bikeability,bikeability,Bikeability,substantive,tvat,"The national cycle-training programme in England, based on the National Standard for Cycle Training, which teaches practical skills for riding on today's roads across three levels.","Cycle training, often run through schools, that teaches people how to ride safely on roads.",The Bikeability Trust; Department for Transport National Standard for Cycle Training,https://www.bikeability.org.uk/,,,,
y,E-bike,e-bike,Electrically assisted pedal cycle,statutory,tvat,"A pedal cycle with an electric motor that assists only while the rider pedals, with a maximum continuous rated power of 250 watts and assistance that stops at 15.5 mph; in Great Britain it may be ridden like a pedal cycle by anyone aged 14 or over.",A bike with a small electric motor that helps you as you pedal. You must be 14 or over to ride one.,Electrically Assisted Pedal Cycles Regulations 1983 (as amended); GOV.UK — Electric bike rules,https://www.gov.uk/electric-bike-rules,,,,
y,Adapted cycle,adapted-cycle,Adapted cycle,substantive,tvat,"A cycle designed or modified so that disabled people can ride it, such as a tricycle, handcycle, recumbent, tandem or wheelchair-transporting cycle.","A bike made or changed so that disabled people can ride it, like a trike or a bike you pedal with your hands.",Wheels for Wellbeing — inclusive cycling,https://wheelsforwellbeing.org.uk/,,,,
y,Cargo bike,cargo-bike,Cargo bike,substantive,tvat,"A cycle built to carry heavy loads or passengers, often in a front box or on a long rear rack, and often electrically assisted.","A strong bike made for carrying shopping, goods or children.",Department for Transport — LTN 1/20 (larger cycles),https://www.gov.uk/government/publications/cycle-infrastructure-design-ltn-120,,,,
y,Sheffield stand,sheffield-stand,Sheffield stand,substantive,tvat,"A fixed steel stand shaped like an upturned 'U', to which two cycles can be locked by the frame and a wheel; the commonest form of public cycle parking in the UK.",A metal hoop fixed in the ground that you can lock a bike to. Each one holds two bikes.,"Department for Transport — LTN 1/20, chapter 11 (cycle parking)",https://www.gov.uk/government/publications/cycle-infrastructure-design-ltn-120,,,,
y,Secure cycle parking,secure-cycle-parking,Secure cycle parking,substantive,tvat,"Cycle parking inside a locked or staffed space, such as a cycle hub, compound or locker, where access is controlled, giving more protection from theft than open stands.","A locked or staffed place to leave your bike, so it is safer from theft.","Department for Transport — LTN 1/20, chapter 11 (cycle parking)",https://www.gov.uk/government/publications/cycle-infrastructure-design-ltn-120,,Matches the 'Secure cycle parking' category in the Tees Valley cycle-parking dataset.,,
y,Sheltered cycle parking,sheltered-cycle-parking,Sheltered cycle parking,substantive,tvat,Cycle stands with a roof or canopy that protects parked cycles from the weather; usually open to anyone.,Bike stands with a roof over them to keep bikes dry.,"Department for Transport — LTN 1/20, chapter 11 (cycle parking)",https://www.gov.uk/government/publications/cycle-infrastructure-design-ltn-120,,Matches the 'Public sheltered racks' category in the Tees Valley cycle-parking dataset.,,
y,Cycle to Work scheme,cycle-to-work-scheme,Cycle to Work scheme,statutory,tvat,"A salary-sacrifice arrangement under which an employer loans cycles and cyclists' safety equipment to employees free of income tax on the benefit, using the exemption in section 244 of the Income Tax (Earnings and Pensions) Act 2003.","A way to get a bike through your job and pay for it a bit at a time from your wages, saving tax.","Income Tax (Earnings and Pensions) Act 2003, s.244; DfT — Cycle to Work scheme implementation guidance",https://www.gov.uk/government/publications/cycle-to-work-scheme-implementation-guidance,,,,
y,Hierarchy of road users,hierarchy-of-road-users,Hierarchy of road users,substantive,tvat,"The Highway Code principle, introduced in January 2022, that road users who can cause the greatest harm have the greatest responsibility to reduce the danger they pose to others, with pedestrians at the top, then cyclists, horse riders and motorcyclists.","A Highway Code rule. People driving bigger, faster vehicles must take the most care, because they could cause the most harm.","The Highway Code, introduction, rules H1–H3",https://www.gov.uk/guidance/the-highway-code/introduction,,,,
y,Toucan crossing,toucan-crossing,Toucan crossing,substantive,tvat,"A signal-controlled crossing that pedestrians and cyclists can use together; there is no flashing amber phase, and cyclists may ride across.",A traffic-light crossing that people walking and people on bikes can both use.,"The Highway Code, rule 25",https://www.gov.uk/guidance/the-highway-code/rules-for-pedestrians-1-to-35,,,,
y,Advanced stop line,advanced-stop-line,Advanced stop line,substantive,tvat,"A second stop line at traffic lights, set ahead of the main stop line, creating a reserved area where cyclists can wait in front of motor traffic.",A box painted at traffic lights where people on bikes can wait in front of cars.,"The Highway Code, rule 178",https://www.gov.uk/guidance/the-highway-code/using-the-road-159-to-203,,,,
y,Shared-use path,shared-use-path,Shared-use path,substantive,tvat,"A path away from the carriageway that people walking, wheeling and cycling are all legally allowed to use, with or without a marked separation between them.",A path that people walking and people on bikes are both allowed to use.,Department for Transport — LTN 1/20,https://www.gov.uk/government/publications/cycle-infrastructure-design-ltn-120,,,,
y,Bridleway,bridleway,Bridleway,statutory,tvat,"A public right of way on which the public may walk, ride or lead a horse, and ride a pedal cycle, cyclists giving way to walkers and horse riders.","A public path you can walk, cycle or ride a horse along. People on bikes must give way to walkers and horses.","Countryside Act 1968, s.30",https://www.legislation.gov.uk/ukpga/1968/41/section/30,,,,
y,Dropped kerb,dropped-kerb,Dropped kerb,substantive,tvat|bw,"A section of kerb lowered to the level of the road so that people using wheelchairs, mobility scooters, pushchairs or cycles can cross without a step; at crossings it is usually paired with tactile paving.","A place where the kerb is lowered to road level, so wheelchairs, buggies and bikes can cross easily.",Department for Transport — Inclusive Mobility (2021),https://www.gov.uk/government/publications/inclusive-mobility-making-transport-accessible-for-passengers-and-pedestrians,,,,
y,Modal shift,modal-shift,Modal shift,substantive,tvat,"A change in the way people make journeys from one mode of transport to another — in transport policy, usually from the private car to walking, wheeling, cycling or public transport.","When people change how they travel, for example leaving the car at home and cycling instead.",Standard transport-planning term; used in DfT's Cycling and Walking Investment Strategy,https://www.gov.uk/government/publications/the-second-cycling-and-walking-investment-strategy,,,,
y,Mobility scooter,mobility-scooter,Mobility scooter,statutory,tvat|bw,"A battery-powered vehicle for people with limited mobility; in law an 'invalid carriage', either Class 2 (for pavements, up to 4 mph) or Class 3 (may also be used on roads at up to 8 mph, and must be registered with the DVLA).",A small electric vehicle for people who find walking hard. Some can only go on pavements. Bigger ones can also use roads.,"Use of Invalid Carriages on Highways Regulations 1988; The Highway Code, rules 36–46",https://www.gov.uk/guidance/the-highway-code/rules-for-users-of-powered-wheelchairs-and-mobility-scooters-36-to-46,,,,
y,Blue Badge,blue-badge,Blue Badge,statutory,tvat|bw,"A parking permit for disabled people, issued by local councils, that allows the holder to park closer to their destination, including in some places where others cannot.",A permit that lets disabled people park closer to where they are going.,"Chronically Sick and Disabled Persons Act 1970, s.21; GOV.UK — Apply for or renew a Blue Badge",https://www.gov.uk/apply-blue-badge,,,,
y,Beach wheelchair,beach-wheelchair,Beach wheelchair,substantive,bw,"A wheelchair built to travel over sand, shingle and soft ground, typically with wide, low-pressure 'balloon' tyres and a sturdy, rust-resistant frame; most are pushed by a companion rather than self-propelled.","A wheelchair with big, wide tyres that can roll over sand. Someone usually pushes it for you.",,,,Generic description; check it matches the chairs the scheme lends (e.g. whether any are self-propelled or floating).,,
y,All-terrain wheelchair,all-terrain-wheelchair,All-terrain wheelchair,substantive,bw,"A manual or powered wheelchair designed for rough or uneven ground such as grass, gravel, mud, beaches and countryside paths, using larger, wider or tracked wheels.","A wheelchair made for rough ground, like grass, gravel, mud or sand.",,,,,,
y,Attendant-propelled wheelchair,attendant-propelled-wheelchair,Attendant-propelled wheelchair,substantive,bw,"A manual wheelchair designed to be pushed by another person, with push handles and wheels too small for the user to propel it themselves.","A wheelchair that another person pushes, because the wheels are too small to push yourself.",,,,,,
y,Carer,carer,Carer,statutory,bw,"An adult who provides or intends to provide care for another adult, other than under a contract or as voluntary work.","Someone who looks after a family member or friend who needs help, without being paid for it.","Care Act 2014, s.10",https://www.legislation.gov.uk/ukpga/2014/23/section/10,,,,
y,Changing Places toilet,changing-places-toilet,Changing Places toilet,substantive,bw,"A larger accessible toilet with a height-adjustable changing bench, a ceiling hoist and room for up to two carers, for people who cannot use a standard accessible toilet; required in certain new large public buildings in England since 2021.","A big accessible toilet with a hoist and a changing bench, for people who need more help than a normal accessible toilet gives.",Changing Places Consortium; Building Regulations Approved Document M (2021 amendment),https://www.changing-places.org/,,,,
y,RADAR key,radar-key,National Key Scheme key,substantive,bw,"A standard key that opens accessible toilets fitted with National Key Scheme locks across the UK, so disabled people can use them while they stay locked to others.",A special key that opens locked accessible toilets around the UK.,Disability Rights UK — National Key Scheme,https://www.disabilityrightsuk.org/,,,,
y,Reasonable adjustments,reasonable-adjustments,Reasonable adjustments,statutory,bw,"Changes that service providers and employers must make, under the Equality Act 2010, to remove or reduce a substantial disadvantage that disabled people face — to how things are done, to physical features, or by providing extra aids.","Changes that organisations must make so disabled people can use their services, like adding a ramp.","Equality Act 2010, s.20",https://www.legislation.gov.uk/ukpga/2010/15/section/20,,,,
y,Disability,disability,Disability,statutory,bw,"A physical or mental impairment that has a substantial and long-term adverse effect on a person's ability to carry out normal day-to-day activities; 'long-term' means it has lasted, or is likely to last, at least 12 months.","A health condition or impairment that makes everyday tasks a lot harder, and has lasted or will probably last a year or more.","Equality Act 2010, s.6 and Schedule 1",https://www.legislation.gov.uk/ukpga/2010/15/section/6,,,,
y,RNLI,rnli,Royal National Lifeboat Institution,organisation,bw,The charity that runs the lifeboat service around the coasts of the UK and Ireland and provides lifeguards on many beaches.,The charity that runs lifeboats and beach lifeguards around the UK coast.,RNLI,https://rnli.org/,,,,
y,Beach safety flags,beach-safety-flags,Beach safety flags,substantive,bw,"The flags used by lifeguards on UK beaches: red-and-yellow flags mark the lifeguarded area for swimming and bodyboarding; black-and-white chequered flags mark the area for surfboards, kayaks and other craft; a red flag means it is dangerous to enter the water.",Flags on the beach that show where it is safe to swim. Swim between the red and yellow flags. Never go in the sea when a red flag is flying.,RNLI — beach safety flags,https://rnli.org/safety/know-the-flags,,,,
y,Tide times,tide-times,Tide times,substantive,bw,"The predicted times of high and low water at a stretch of coast, which change daily; checking them shows when the beach will be covered by the sea.",The times when the sea comes in (high tide) and goes out (low tide). They change every day.,UK Hydrographic Office — Admiralty EasyTide predictions,https://easytide.admiralty.co.uk/,,,,
y,Promenade,promenade,Promenade,substantive,bw,"A paved public walkway along a seafront, usually level and set above the beach.","A wide, flat path that runs along the seafront.",,,,,,
hold,Beach access mat,beach-access-mat,Beach access mat,substantive,bw,"A roll-out mat laid across sand to create a firm surface for wheelchairs, pushchairs and people with limited mobility.",A mat laid on the sand to make a firm path for wheelchairs and buggies.,,,,Generic term; keep only if mats are (or will be) used at the scheme's beaches.,,
y,Gift Aid,gift-aid,Gift Aid,statutory,bw|fpt,"A UK tax relief that lets charities and community amateur sports clubs claim an extra 25p for every £1 donated by a UK taxpayer, provided the donor makes a Gift Aid declaration.","If you pay UK tax and say yes to Gift Aid, the charity gets an extra 25p from the government for every £1 you give.",GOV.UK — Gift Aid,https://www.gov.uk/donating-to-charity/gift-aid,,,,
y,Volunteer,volunteer,Volunteer,substantive,bw|fpt,"Someone who chooses to give their time, unpaid, to help an organisation, the community or other people.","Someone who gives their time to help, without being paid.",,,,,,
y,Food partnership,food-partnership,Food partnership,substantive,fpt,"A cross-sector partnership of local organisations — community groups, businesses, public bodies and others — that works together to improve the local food system, from growing and cooking to access to food.",A group of local organisations working together so everyone can get good food.,Sustainable Food Places,https://www.sustainablefoodplaces.org/,,,,
y,Sustainable Food Places,sustainable-food-places,Sustainable Food Places,organisation,fpt,"A UK network of local food partnerships working to make healthy, sustainable food a defining feature of their area, with an award scheme for places.",A national network that links food partnerships across the UK.,Sustainable Food Places,https://www.sustainablefoodplaces.org/,,,,
y,Food system,food-system,Food system,substantive,fpt,"Everything involved in feeding people — growing, processing, transporting, selling, cooking, eating and disposing of food — and the people, businesses and rules involved.","Everything that gets food from the field to your plate, and what happens to what is left.",,,,,,
y,Food insecurity,food-insecurity,Food insecurity,substantive,fpt,"Not having secure access, at all times, to enough safe and nutritious food because of a lack of money or other resources; measured in UK official statistics through the household food-security questions in the Family Resources Survey.",Not being sure you can afford or get enough good food.,DWP — Family Resources Survey (household food security),https://www.gov.uk/government/collections/family-resources-survey--2,,,,
y,Food bank,food-bank,Food bank,substantive,fpt,"A charitable service that gives emergency food parcels, free of charge, to people in crisis, usually on referral from a professional or agency that issues a voucher.",A place that gives free emergency food to people in a crisis. You usually need a voucher from a support worker.,Trussell,https://www.trussell.org.uk/,,,,
y,Food bank voucher,food-bank-voucher,Food bank voucher,substantive,fpt,"A referral issued by a frontline professional — such as an advice worker, social worker or health visitor — that allows a person to collect food from a food bank.",A note from a support worker that lets you get food from a food bank.,Trussell,https://www.trussell.org.uk/,,,,
y,Food parcel,food-parcel,Food parcel,substantive,fpt,"A pre-packed bag or box of mainly non-perishable food, meant to provide nutritionally balanced meals for a set number of days.","A bag of food from a food bank, with enough to make meals for a few days.",Trussell,https://www.trussell.org.uk/,,,,
y,Independent food bank,independent-food-bank,Independent food bank,substantive,fpt,A food bank that is not part of the Trussell network; many belong to the Independent Food Aid Network.,"A food bank run by a local group on its own, not as part of a big national network.",Independent Food Aid Network,https://www.foodaidnetwork.org.uk/,,,,
hold,Trussell,trussell,Trussell,organisation,fpt,"The UK charity, formerly the Trussell Trust, that supports a national network of food banks and campaigns to end the need for them.",A national charity that supports a big network of food banks.,Trussell,https://www.trussell.org.uk/,,,,
y,IFAN,ifan,Independent Food Aid Network,organisation,fpt,A UK network of independent food banks and other food-aid providers that campaigns for a cash-first approach to food insecurity.,A network that links up local food banks that are not part of Trussell.,Independent Food Aid Network,https://www.foodaidnetwork.org.uk/,,,,
y,Cash-first approach,cash-first,Cash-first approach,method,fpt,"An approach to food insecurity that puts getting money into people's hands — through benefits advice, grants or cash payments — first, so they can buy their own food, with food aid as a last resort.","Helping people get enough money to buy their own food, so they do not need a food bank.",Independent Food Aid Network,https://www.foodaidnetwork.org.uk/,,,,
y,Social supermarket,social-supermarket,Social supermarket,substantive,fpt,"A shop that sells food and household essentials at reduced prices, often using surplus stock, usually to members who live locally or meet set criteria, and often with wider support on offer.","A shop selling food and basics at low prices, often for members.",,,,The Food Power Together map lists community groceries under social supermarkets.,,
y,Food pantry,food-pantry,Food pantry,substantive,fpt,A membership food club where members pay a small weekly fee in return for a choice of groceries worth considerably more.,A food club. You pay a small amount each week and choose food worth a lot more.,Your Local Pantry,https://www.yourlocalpantry.co.uk/,,,,
y,Eco shop,eco-shop,Eco shop,substantive,fpt,"A low-cost community shop selling surplus food that would otherwise go to waste, for a small donation or fee, usually to anyone who signs up.",A low-cost shop selling spare food that would otherwise be thrown away.,Food Power Together service directory (local usage),https://www.foodpowertogether.org.uk/food-support/south-bank-eco-shop/,,Local term; definition drawn from the eco shops listed on the FPT map — confirm with partners.,,
y,Community fridge,community-fridge,Community fridge,substantive,fpt,"A shared fridge in a public or community space where surplus food from shops, businesses and households is shared free with anyone.",A fridge in a community space where anyone can take or leave spare food for free.,Hubbub — Community Fridge Network,https://www.hubbub.org.uk/community-fridge-network,,,,
y,Surplus food,surplus-food,Surplus food,substantive,fpt,"Good-to-eat food that would otherwise be wasted — for example through over-production, short dates or packaging errors — which can be redistributed to people through charities and community groups.","Food that is still fine to eat but would be thrown away, so it is given away or sold cheaply instead.",FareShare,https://fareshare.org.uk/,,,,
y,FareShare,fareshare,FareShare,organisation,fpt,The UK charity network that redistributes surplus food from the food industry to charities and community groups.,A charity that collects spare food from shops and factories and passes it to local groups.,FareShare,https://fareshare.org.uk/,,,,
y,Community meal,community-meal,Community meal,substantive,fpt,"A free or low-cost cooked meal served in a community setting such as a church, community centre or café, often offering company and support as well as food.",A free or cheap hot meal you can eat with other people at a community place.,,,,Covers the 'Hot food' category on the FPT map.,,
y,Community growing space,community-growing-space,Community growing space,substantive,fpt,"A shared piece of land, such as a community garden or allotment, where local people grow fruit, vegetables and flowers together.",A shared garden where local people grow fruit and vegetables together.,,,,,,
y,Holiday Activities and Food programme,holiday-activities-and-food,Holiday Activities and Food programme,local-programme,fpt,"A Department for Education-funded programme, delivered by local councils, that offers free healthy meals and enriching activities in the school holidays to children who receive benefits-related free school meals.",Free holiday clubs with healthy meals for children who get free school meals.,Department for Education — Holiday activities and food programme,https://www.gov.uk/government/publications/holiday-activities-and-food-programme,,,,
y,Holiday hunger,holiday-hunger,Holiday hunger,substantive,fpt,"Food insecurity that children experience during the school holidays, when they do not receive free school meals.",When children go hungry in the school holidays because there are no school dinners.,,,,,,
hold,Free school meals,free-school-meals,Free school meals,statutory,fpt,"Meals provided free at school to pupils from families who receive certain benefits, including Universal Credit, and to all infant pupils (Reception to Year 2) in state-funded schools in England.","Free school dinners for children from families on some benefits, and for all children in Reception to Year 2.",GOV.UK — Apply for free school meals,https://www.gov.uk/apply-free-school-meals,,Eligibility rules change; re-check against GOV.UK before agreeing.,,
hold,Healthy Start,healthy-start,Healthy Start,statutory,fpt,"An NHS scheme that gives people who are at least 10 weeks pregnant, or have a child under four, and who receive certain benefits, a prepaid card to buy milk, fruit, vegetables, pulses and infant formula, plus free vitamins.","A free NHS payment card for families on some benefits, to buy milk, fruit and vegetables for young children.",NHS — Healthy Start,https://www.healthystart.nhs.uk/,,,,
hold,Household Support Fund,household-support-fund,Household Support Fund,local-programme,fpt,"Government funding given to local councils in England to help households most in need with the cost of essentials such as food, energy and water.","Government money that councils use to help families in need pay for food, energy and water.",DWP — Household Support Fund guidance for local councils,https://www.gov.uk/government/publications/household-support-fund-guidance-for-local-councils,,Time-limited fund renewed year by year; confirm it is still running (or what replaced it) before agreeing.,,
y,Community land trust,community-land-trust,Community land trust,statutory,fpt,"A non-profit, community-controlled body that owns and manages land or other assets for the long-term benefit of a local community.",A local group that owns land or buildings and runs them for the good of the community.,"Housing and Regeneration Act 2008, s.79",https://www.legislation.gov.uk/ukpga/2008/17/section/79,,,,
hold,Low traffic neighbourhood,low-traffic-neighbourhood,Low traffic neighbourhood,substantive,tvat,"A group of residential streets where through motor traffic is stopped by filters such as bollards, planters or camera-enforced gates, while every address can still be reached by car.","A set of streets where cars can still get to every home, but cannot cut through, so the streets are quieter for walking and cycling.",,,,Abbreviation clashes with LTN 1/20 (Local Transport Note) — the id keeps them apart; consider whether to show the abbreviation at all.,,
y,School Street,school-street,School Street,substantive,tvat,"A road outside a school that is closed to motor traffic at drop-off and pick-up times, so children can walk, wheel, scoot or cycle to school more safely.",A road by a school that is closed to cars when children arrive and leave.,,,,,,
y,Cycle lane,cycle-lane,Cycle lane,substantive,tvat,"A lane marked on the carriageway for cycles. A mandatory lane, marked by a solid white line, must not be entered by other vehicles while it is in operation; an advisory lane, marked by a broken line, should not be entered unless it is unavoidable.",Part of the road painted for bikes. Cars must not drive in it when it has a solid white line.,"The Highway Code, rule 140",https://www.gov.uk/guidance/the-highway-code/general-rules-techniques-and-advice-for-all-drivers-and-riders-103-to-158,,,,
y,Segregated cycle track,segregated-cycle-track,Segregated cycle track,substantive,tvat,"A cycle route physically separated from motor traffic, and usually from people walking, by kerbs, islands or a change in level.",A bike lane with a kerb or barrier between it and the cars.,Department for Transport — LTN 1/20,https://www.gov.uk/government/publications/cycle-infrastructure-design-ltn-120,,,,
y,Tactile paving,tactile-paving,Tactile paving,substantive,tvat|bw,"Textured paving that blind and partially sighted people can feel underfoot or with a cane, used to warn of crossings, platform edges and other hazards; different patterns carry different meanings.",Bumpy paving at crossings and edges that people with sight loss can feel with their feet or a cane.,Department for Transport — Guidance on the use of tactile paving surfaces,https://www.gov.uk/government/publications/guidance-on-the-use-of-tactile-paving-surfaces,,,,
y,Cycle hire scheme,cycle-hire-scheme,Cycle hire scheme,substantive,tvat,"A scheme that lets people hire a cycle, often an e-bike, for short trips, collecting and returning it at docking stations or marked parking zones, usually through an app.","A way to rent a bike for a short trip, often using a phone app.",,,,,,
y,Public right of way,public-right-of-way,Public right of way,statutory,tvat,"A route the public has a legal right to use, recorded on the local council's definitive map; the main types are footpaths, bridleways, restricted byways and byways open to all traffic.","A path everyone has the right to use, shown on the council's official map.","Wildlife and Countryside Act 1981, s.53 (definitive map and statement)",https://www.legislation.gov.uk/ukpga/1981/69/section/53,,,,
y,Rights of Way Improvement Plan,rights-of-way-improvement-plan,Rights of Way Improvement Plan,statutory,tvat,"A plan that each highway authority must publish and review, assessing how well its local rights of way meet the needs of walkers, cyclists, horse riders and people with mobility problems, and setting out improvements.","A council's plan to make public paths better for walkers, cyclists, horse riders and disabled people.","Countryside and Rights of Way Act 2000, s.60",https://www.legislation.gov.uk/ukpga/2000/37/section/60,,,,
y,Footway,footway,Footway,statutory,tvat,"The legal term for the pavement alongside a road, set aside for people on foot; cycling on it is not allowed unless it is signed as shared use.",The pavement next to a road. You must not cycle on it unless signs say bikes are allowed.,"The Highway Code, rule 64",https://www.gov.uk/guidance/the-highway-code/rules-for-cyclists-59-to-82,,,,
y,Dr Bike,dr-bike,Dr Bike,substantive,tvat,A free or low-cost drop-in session where a mechanic checks cycles for safety and makes small repairs and adjustments on the spot.,A free or cheap session where someone checks your bike is safe and fixes small problems.,,,,,,
y,Accessible toilet,accessible-toilet,Accessible toilet,substantive,bw,"A toilet designed for disabled people, with more space, grab rails and an emergency alarm cord; many are locked with a National Key Scheme (RADAR) key.","A bigger toilet with rails and an alarm cord, made for disabled people.",Building Regulations Approved Document M,https://www.gov.uk/government/publications/access-to-and-use-of-buildings-approved-document-m,,,,
hold,Transfer,transfer,Transfer,substantive,bw,Moving from one seat to another — for example from your own wheelchair into a beach wheelchair — with or without help from another person or equipment such as a transfer board or hoist.,"Moving from one seat to another, like from your wheelchair into a beach wheelchair.",,,,Check what help volunteers can and cannot give with transfers before agreeing.,,
y,Hidden Disabilities Sunflower,hidden-disabilities-sunflower,Hidden Disabilities Sunflower,substantive,bw,"A scheme in which people wear a sunflower lanyard, pin or badge to show discreetly that they have a non-visible disability and may need help, understanding or more time.","A sunflower lanyard or badge that shows someone has a disability you cannot see, and may need help or more time.",Hidden Disabilities Sunflower,https://hdsunflower.com/,,,,
y,Social model of disability,social-model-of-disability,Social model of disability,substantive,bw,"The idea that people are disabled by barriers in society — such as steps, attitudes or a lack of information — rather than by their impairment or condition.","The idea that people are disabled by things like steps and attitudes, not by their bodies or minds.",Scope — the social model of disability,https://www.scope.org.uk/social-model-of-disability,,,,
y,Accessible beach,accessible-beach,Accessible beach,substantive,bw,"A beach with features that make it easier for disabled people to reach and enjoy, such as step-free access, accessible toilets and parking, and equipment like beach wheelchairs.",A beach that is easier for disabled people to get to and enjoy.,,,,,,
y,Slipway,slipway,Slipway,substantive,bw,"A ramp running down from the promenade or shore towards the sea, originally for launching boats; often the step-free route onto a beach.","A ramp down to the beach, first built for boats. It is often the way onto the sand with no steps.",,,,,,
y,Rip current,rip-current,Rip current,substantive,bw,"A strong current running out to sea from the shore, which can quickly carry people into deeper water.",A strong flow of water that pulls out to sea and can sweep people away from the beach.,RNLI — rip currents,https://rnli.org/safety/know-the-risks/rip-currents,,,,
y,HM Coastguard,hm-coastguard,HM Coastguard,organisation,bw,"The emergency service, part of the Maritime and Coastguard Agency, that coordinates search and rescue at sea and around the UK coast; in an emergency at the coast, call 999 and ask for the Coastguard.","The emergency service for the sea and coast. If someone is in trouble at the beach, call 999 and ask for the Coastguard.",GOV.UK — Maritime and Coastguard Agency,https://www.gov.uk/government/organisations/maritime-and-coastguard-agency,,,,
y,Mobility aid,mobility-aid,Mobility aid,substantive,bw|tvat,"Any equipment that helps a person move about, such as a walking stick, crutches, a walking frame, a rollator, a wheelchair or a mobility scooter.","Something that helps you get about, like a walking stick, a frame or a wheelchair.",,,,,,
y,Rollator,rollator,Rollator,substantive,bw,"A walking frame with three or four wheels, hand brakes and usually a seat for resting.","A walking frame with wheels, brakes and often a seat.",,,,,,
y,Fuel poverty,fuel-poverty,Fuel poverty,statutory,fpt,"In England, a household is fuel poor if it lives in a home with an energy-efficiency rating of band D or below and, after paying for the energy it needs, would be left with an income below the poverty line (the Low Income Low Energy Efficiency measure).","When a family cannot afford to heat their home properly, often because the home is hard to keep warm.",Department for Energy Security and Net Zero — Fuel poverty statistics,https://www.gov.uk/government/collections/fuel-poverty-statistics,,,,
y,Warm space,warm-space,Warm space,substantive,fpt,"A free, welcoming, heated public space — often in a library, church or community centre — where people can keep warm and find company in winter, sometimes with hot drinks or food.","A free, warm place to go in winter, often with a hot drink and company.",,,,,,
y,Benefits check,benefits-check,Benefits check,method,fpt,"A review of a person's circumstances to find out which benefits, grants and discounts they could claim but may be missing.",A check to find out if you could get money or help you are not claiming yet.,Citizens Advice — benefits,https://www.citizensadvice.org.uk/benefits/,,,,
y,Pension Credit,pension-credit,Pension Credit,statutory,fpt,"A means-tested benefit for people over State Pension age on a low income; receiving it can also open the door to other help, such as with housing costs, council tax and heating.",Extra money for older people on a low income. Getting it can help you get other support too.,GOV.UK — Pension Credit,https://www.gov.uk/pension-credit,,,,
y,Council Tax Reduction,council-tax-reduction,Council Tax Reduction,statutory,fpt,"A reduction in council tax for people on a low income or claiming certain benefits, run by each local council under its own local scheme.",A discount on your council tax if you are on a low income.,GOV.UK — Apply for Council Tax Reduction,https://www.gov.uk/apply-council-tax-reduction,,,,
y,Food hygiene rating,food-hygiene-rating,Food hygiene rating,statutory,fpt,"A score from 0 to 5 given by the local council after inspecting a food business, showing how well it meets food hygiene law; 5 means hygiene standards are very good.",A score from 0 to 5 that shows how clean and safe a place that serves food is.,Food Standards Agency — Food Hygiene Rating Scheme,https://www.food.gov.uk/safety-hygiene/food-hygiene-rating-scheme,,,,
y,Food allergens,food-allergens,Food allergens,statutory,fpt,"Ingredients that can cause allergic reactions; food businesses, including charities and community groups that provide food, must tell people if their food contains any of the 14 major allergens set out in law.","Foods some people react badly to, like nuts or milk. Places that give out food must say if their food contains them.",Food Standards Agency — Food allergy and intolerance,https://www.food.gov.uk/safety-hygiene/food-allergy-and-intolerance,,,,
y,Use-by and best-before dates,use-by-best-before,Use-by and best-before dates,substantive,fpt,"Date labels on food. A use-by date is about safety: food must not be eaten, sold or given away after it. A best-before date is about quality: food can still be eaten, and redistributed, after it if it is in good condition.","'Use by' means do not eat it after that date. 'Best before' means it is still fine to eat after the date, but may not be as nice.",Food Standards Agency — Best before and use-by dates,https://www.food.gov.uk/safety-hygiene/best-before-and-use-by-dates,,,,
y,Community cooking session,community-cooking-session,Community cooking session,substantive,fpt,"A group session where people learn to cook simple, low-cost, healthy meals, often eating together afterwards.","A group where you learn to cook cheap, healthy meals, and often eat them together.",,,,,,
y,Food co-op,food-co-op,Food co-op,substantive,fpt,"A food-buying group run by its members, who pool their money to buy food in bulk at wholesale prices and share it out.","A group of people who club together to buy food in bulk, so it costs less.",Sustain — food co-ops,https://www.sustainweb.org/foodcoops/,,,,
